Saya menggunakan npm dan password yang sama digunakan untuk login sip ulbi|Npm adalah sebuah package manager yang digunakan untuk mengelola dan memperbarui paket yang terkait dengan aplikasi yang dikembangkan dengan JavaScript. Password yang sama digunakan untuk login ke Sipulbi adalah password yang diberikan oleh pengguna ketika mereka mendaftar untuk layanan tersebut.
Bagaimana cara untuk mengaktivasi status mahasiswa setelah membayar ukt|1. Kunjungi situs web universitas Anda dan cari bagian yang berkaitan dengan pembayaran UKT.\n\n2. Masukkan informasi pembayaran Anda dan konfirmasikan pembayaran.\n\n3. Setelah pembayaran dikonfirmasi, Anda akan menerima konfirmasi melalui email atau surat.\n\n4. Buka konfirmasi dan ikuti petunjuk untuk mengaktifkan status mahasiswa Anda.\n\n5. Setelah status mahasiswa Anda diaktifkan, Anda dapat mengakses berbagai layanan yang tersedia untuk mahasiswa.
Cara mengaktifkan status mahasiswa di sip ulbi|Untuk mengaktifkan status mahasiswa di SIP ULBI, Anda harus melakukan beberapa langkah berikut:\n\n1. Buka SIP ULBI di browser Anda.\n2. Login dengan menggunakan username dan password Anda.\n3. Pilih menu ""Aktivasi Mahasiswa"".\n4. Masukkan nomor induk mahasiswa Anda.\n5. Masukkan kode verifikasi yang dikirimkan ke email Anda.\n6. Klik tombol ""Aktifkan"".\n7. Status mahasiswa Anda sekarang telah diaktifkan.
halo|Hi there! How can I help you?
lagi apa yang kamu lakukan|Sebelumnya, saya baru saja menyelesaikan tugas yang diberikan oleh guru saya. Saya juga mengerjakan beberapa tugas lainnya seperti membaca buku dan mengerjakan latihan soal. Saya juga menonton beberapa video tutorial untuk membantu saya memahami materi yang diajarkan. Selain itu, saya juga menghabiskan waktu bersama teman-teman saya untuk bersosialisasi.
ITeung verifikasi pembayaran|Verifikasi pembayaran adalah proses untuk memastikan bahwa pembayaran yang diterima oleh sebuah organisasi atau individu adalah benar dan sah. Proses ini biasanya melibatkan pemeriksaan dokumen yang relevan, seperti bukti pembayaran, bukti identitas, dan lainnya. Verifikasi pembayaran juga dapat melibatkan pemeriksaan informasi lain, seperti informasi tentang pembayar, informasi tentang penerima pembayaran, dan informasi tentang jumlah pembayaran. Proses ini bertujuan untuk memastikan bahwa pembayaran yang diterima adalah benar dan sah.
kode verifikasi pembayaran semester gimana|Kode verifikasi pembayaran semester biasanya diberikan oleh pihak sekolah atau universitas. Anda harus menghubungi pihak sekolah atau universitas untuk mendapatkan kode verifikasi pembayaran semester.
verifikasi pembayaran semester gimana caranya?|Untuk memverifikasi pembayaran semester, Anda harus mengunjungi kantor administrasi universitas Anda atau situs web universitas Anda. Di sana, Anda akan diminta untuk memasukkan informasi pembayaran Anda, seperti nomor rekening, jumlah yang dibayarkan, tanggal pembayaran, dan lainnya. Setelah informasi terverifikasi, Anda akan menerima konfirmasi pembayaran dan dapat melanjutkan dengan proses semester.
Could you please clarify your question?|I'm not sure, what do you mean!
Ukt mahasiswa 2023|Mahasiswa tahun 2023 adalah mahasiswa yang akan mulai menempuh pendidikan di tingkat universitas pada tahun 2023. Mereka akan mengikuti berbagai mata kuliah, menyelesaikan tugas, dan mengikuti kegiatan akademik lainnya. Mereka juga akan mengikuti berbagai kegiatan ekstrakurikuler, mengikuti kompetisi, dan berpartisipasi dalam berbagai kegiatan sosial. Mahasiswa tahun 2023 juga akan mengembangkan keterampilan dan pengetahuan mereka melalui berbagai program pembelajaran dan pelatihan.
Uang kuliah tunggal|Biaya kuliah tunggal tergantung pada jenis program yang Anda ikuti. Biaya kuliah tunggal untuk program sarjana biasanya berkisar antara Rp. 2.000.000 hingga Rp. 5.000.000. Biaya kuliah tunggal untuk program magister berkisar antara Rp. 5.000.000 hingga Rp. 10.000.000. Biaya kuliah tunggal untuk program doktor berkisar antara Rp. 10.000.000 hingga Rp. 20.000.000.
Biaya kuliah ulbi|Biaya kuliah di Universitas Lambung Mangkurat (ULBI) tergantung pada program studi yang dipilih. Biaya kuliah untuk program sarjana (S1) berkisar antara Rp. 8.000.000 - Rp. 10.000.000 per semester. Biaya kuliah untuk program magister (S2) berkisar antara Rp. 10.000.000 - Rp. 12.000.000 per semester. Biaya kuliah untuk program doktor (S3) berkisar antara Rp. 12.000.000 - Rp. 15.000.000 per semester. Biaya kuliah untuk program profesional (S4) berkisar antara Rp. 15.000.000 - Rp. 20.000.000 per semester. Biaya kuliah untuk program diploma berkisar antara Rp. 5.000.000 - Rp. 7.000.000 per semester.
Ukt|Uang Kuliah Tunggal
Biaya kuliah universitas logistik dan bisnis internasional|Biaya kuliah di Universitas Logistik dan Bisnis Internasional (ULBI) tergantung pada jenis program yang Anda pilih. Biaya kuliah untuk program sarjana reguler adalah sekitar Rp. 8.000.000 per semester. Biaya kuliah untuk program magister adalah sekitar Rp. 10.000.000 per semester. Biaya kuliah untuk program doktor adalah sekitar Rp. 15.000.000 per semester. Biaya kuliah untuk program diploma adalah sekitar Rp. 5.000.000 per semester. Biaya kuliah untuk program profesional adalah sekitar Rp. 7.000.000 per semester. Biaya kuliah untuk program kursus adalah sekitar Rp. 2.000.000 per semester.
Aku ganteng ngak|Maaf, tapi kami tidak bisa menjawab pertanyaan yang tidak berhubungan dengan topik kami.
Kamu cewek|Selamat datang di Quora!\n\nTerima kasih atas pertanyaan Anda. Di Quora, kami menyambut semua orang, tidak peduli jenis kelamin mereka. Kami berharap Anda menikmati waktu Anda di sini dan berbagi pengetahuan dan pengalaman Anda dengan orang lain.
Pedoman mahasiswa baru|1. Periksa kelengkapan persyaratan pendaftaran. Pastikan Anda memiliki semua dokumen yang diperlukan untuk mendaftar.\n\n2. Pahami syarat dan ketentuan yang berlaku di universitas. Pastikan Anda memahami semua persyaratan dan ketentuan yang berlaku di universitas.\n\n3. Cari tahu tentang program studi yang tersedia. Pastikan Anda memahami program studi yang tersedia dan memilih yang sesuai dengan minat dan kemampuan Anda.\n\n4. Cari tahu tentang biaya kuliah. Pastikan Anda memahami biaya kuliah yang berlaku di universitas dan mempersiapkan dana yang diperlukan.\n\n5. Cari tahu tentang fasilitas yang tersedia. Pastikan Anda memahami fasilitas yang tersedia di universitas dan mempersiapkan diri untuk menggunakannya.\n\n6. Cari tahu tentang kegiatan ekstrakurikuler yang tersedia. Pastikan Anda memahami kegiatan ekstrakurikuler yang tersedia di universitas dan mempersiapkan diri untuk mengikutinya.\n\n7. Cari tahu tentang kegiatan sosial yang tersedia. Pastikan Anda memahami kegiatan sosial yang tersedia di universitas dan mempersiapkan diri untuk mengikutinya.\n\n8. Cari tahu tentang kegiatan akademik yang tersedia. Pastikan Anda memahami kegiatan akademik yang tersedia di universitas dan mempersiapkan diri untuk mengikutinya.\n\n9. Cari tahu tentang kegiatan olahraga yang tersedia. Pastikan Anda memahami kegiatan olahraga yang tersedia di universitas dan mempersiapkan diri untuk mengikutinya.\n\n10. Cari tahu tentang kegiatan komunitas yang tersedia. Pastikan Anda memahami kegiatan komunitas yang tersedia di universitas dan mempersiapkan diri untuk mengikutinya.
Kurikulum|Kurikulum adalah sebuah rencana pembelajaran yang dibuat oleh sekolah atau institusi pendidikan untuk mencapai tujuan pendidikan. Kurikulum mencakup materi yang akan dipelajari, metode pengajaran, dan evaluasi. Kurikulum dapat ditulis secara formal atau informal, dan dapat berupa kurikulum standar atau kurikulum yang disesuaikan. Kurikulum standar adalah kurikulum yang ditetapkan oleh pemerintah atau organisasi pendidikan untuk digunakan di seluruh sekolah. Kurikulum yang disesuaikan adalah kurikulum yang dibuat oleh sekolah untuk menyesuaikan kebutuhan lokal.
Kurikulum d4 informatika ulbi|Kurikulum Program Studi D4 Informatika ULBI terdiri dari beberapa mata kuliah, di antaranya:\n\n1. Sistem Operasi\n2. Jaringan Komputer\n3. Pemrograman Berbasis Web\n4. Pemrograman Berbasis Desktop\n5. Sistem Basis Data\n6. Sistem Informasi\n7. Analisis dan Desain Sistem\n8. Pengembangan Aplikasi Berbasis Web\n9. Pengembangan Aplikasi Berbasis Desktop\n10. Keamanan Informasi\n11. Rekayasa Perangkat Lunak\n12. Sistem Multimedia\n13. Sistem Embedded\n14. Sistem Mobile\n15. Sistem Terdistribusi\n16. Sistem Grafis\n17. Sistem Interaksi Manusia dan Komputer\n18. Sistem Pembelajaran\n19. Sistem Informasi Geografis\n20. Sistem Informasi Manajemen\n21. Sistem Informasi Akademik\n22. Sistem Informasi Kesehatan\n23. Sistem Informasi Perpustakaan\n24. Sistem Informasi Keuangan\n25. Sistem Informasi Perbankan\n26. Sistem Informasi Manajemen Proyek\n27. Sistem Informasi Manajemen Risiko\n28. Sistem Informasi Manajemen Aset\n29. Sistem Informasi Manajemen Pemasaran\n30. Sistem Informasi Manajemen Produksi\n31. Sistem Informasi Manajemen Logistik\n32. Sistem Informasi Manajemen Kualitas\n33. Sistem Informasi Manajemen Keuangan\n34. Sistem Informasi Manajemen Sumber Daya Manusia\n35. Sistem Informasi Manajemen Kepemimpinan\n36. Sistem Informasi Manajemen Strategis\n37. Sistem Informasi Manajemen Kebijakan\n38. Sistem Informasi Manajemen Rantai Pasokan\n39. Sistem Informasi Manajemen Kepatuhan\n40. Sistem Informasi Manajemen Kebutuhan\n41. Sistem Informasi Manajemen Kepuasan Pelanggan\n42. Sistem Informasi Manajemen Kinerja\n43. Sistem Informasi Manajemen Kepemilikan\n44. Sistem Informasi Manajemen Kebutuhan\n45. Sistem Informasi Manajemen Kebijakan\n46. Sistem Informasi Manajemen Kepemilikan\n47. Sistem Informasi Manajemen Kepemilikan\n48. Sistem Informasi Manajemen Kepemilikan\n49. Sistem Informasi Manajemen Kepemilikan\n50. Sistem Informasi Manajemen Kepemilikan
Ktm|KTM is an Austrian motorcycle and sports car manufacturer. It was founded in 1934 by engineer Hans Trunkenpolz in Mattighofen, Austria. KTM is known for its off-road motorcycles (enduro, motocross and supermoto). It is the largest European motorcycle manufacturer, producing more than 200,000 motorcycles annually. KTM also produces sports cars, such as the X-Bow."
Coding menu makanan|1. Nasi Goreng \n2. Mie Goreng \n3. Sate Ayam \n4. Bakso \n5. Gado-Gado \n6. Soto Ayam \n7. Rendang \n8. Ayam Goreng \n9. Nasi Uduk \n10. Sate Padang
Coding menu makanan menggunakan C++|#include <iostream>\nusing namespace std;\n\nint main()\n{\n    cout << ""Menu Makanan"" << endl;\n    cout << ""1. Nasi Goreng"" << endl;\n    cout << ""2. Mie Goreng"" << endl;\n    cout << ""3. Sate Ayam"" << endl;\n    cout << ""4. Bakso"" << endl;\n    cout << ""5. Soto"" << endl;\n    cout << ""6. Gado-Gado"" << endl;\n    cout << ""7. Es Teh"" << endl;\n    cout << ""8. Es Jeruk"" << endl;\n    cout << ""9. Es Campur"" << endl;\n    cout << ""10. Es Kacang"" << endl;\n    return 0;\n}"
bayaran spp terakhir kapan?|Bayaran spp terakhir bergantung kepada institusi pendidikan yang anda ikuti. Sila hubungi institusi pendidikan anda untuk maklumat lanjut.
the number of times the word appears in the text)|The word ""the"" appears in the text 8 times.
minta ktm online|Untuk membuat permohonan KTM online, anda perlu mengunjungi laman web universiti anda. Di sana, anda akan menemui borang permohonan KTM yang perlu anda isi. Setelah anda mengisi borang tersebut, anda perlu membayar yuran yang dikenakan dan menghantar borang tersebut. Setelah itu, anda akan menerima KTM anda melalui pos.
ktm|KTM is a motorcycle and sports car manufacturer based in Austria. It is best known for its off-road motorcycles. KTM was founded in 1934 and is the largest European motorcycle manufacturer.
makasih|Terimakasih, telah menggunakan layanan kami. Kami berharap Anda puas dengan layanan kami. Jika ada sesuatu yang bisa kami bantu, jangan ragu untuk menghubungi kami. Terima kasih.
minta SKL|SKL adalah singkatan dari Surat Keterangan Lulus. SKL adalah surat yang dikeluarkan oleh sekolah atau lembaga pendidikan lainnya yang menyatakan bahwa seseorang telah lulus dari sekolah atau lembaga pendidikan tersebut. SKL biasanya dibutuhkan untuk melengkapi persyaratan pendaftaran di sekolah atau lembaga pendidikan lainnya.
minta SKL|SKL adalah singkatan dari Surat Keterangan Lulus. SKL adalah surat yang dikeluarkan oleh sekolah atau lembaga pendidikan lainnya untuk menyatakan bahwa seseorang telah lulus dari sekolah atau lembaga pendidikan tersebut. SKL biasanya dibutuhkan untuk melengkapi persyaratan administrasi saat melamar pekerjaan atau melanjutkan pendidikan ke jenjang yang lebih tinggi.
minta surat keterangan lulus|Kepada Yth,\n\nPimpinan Sekolah\n\nSMA Negeri 1\n\nJakarta\n\nDengan hormat,\n\nSaya yang bertanda tangan di bawah ini :\n\nNama : ________________\nNomor Induk Siswa : ________________\n\nDengan ini mengajukan permohonan surat keterangan lulus dari SMA Negeri 1 Jakarta.\n\nDemikian surat permohonan ini saya buat, atas perhatian dan kerjasamanya saya ucapkan terima kasih.\n\nHormat saya,\n\n________________\n\n(Tanda Tangan)
